tir,vpn,vpn_ajuste
0.553096317,273023515.7,273.0235157
0.249836161,274438898,274.438898
0.176506506,273235799.2,273.2357992
0.235135144,278246287.3,278.2462873
0.046891165,271787650.9,271.7876509
0.214988399,277287323.2,277.2873232
0.412338102,278229025.5,278.2290255
0.232958787,273938420.3,273.9384203
0.305337735,275329459.2,275.3294592
0.228120683,281916044.7,281.9160447
0.28706712,271987284.7,271.9872847
0.247431365,274492646.8,274.4926468
0.316304848,275422438.3,275.4224383
0.212427328,272355967.3,272.3559673
0.272435255,278219203,278.219203
0.164755088,277806909.9,277.8069099
0.33897629,270769459.8,270.7694598
0.359393803,278569075.9,278.5690759
0.294328572,275502551.9,275.5025519
0.567890688,275378181.6,275.3781816
0.438148022,276667735.5,276.6677355
0.174058517,275590753.3,275.5907533
0.20819805,274705340.2,274.7053402
0.386687565,272018803.2,272.0188032
0.321020079,274653846.2,274.6538462
0.194330422,270403467.4,270.4034674
0.393219561,278417145.3,278.4171453
0.525145805,274672194.2,274.6721942
0.350673912,271299036.1,271.2990361
0.175110107,276390244,276.390244
0.305968789,281407241.7,281.4072417
0.332927271,273026892.8,273.0268928
0.18116239,273471229.6,273.4712296
0.191048873,274929566.3,274.9295663
0.295879774,274241416.7,274.2414167
0.176527267,272008671.4,272.0086714
0.152618719,277711827.3,277.7118273
0.467575958,277902084.3,277.9020843
0.460543845,274150674,274.150674
0.218083183,273148401.6,273.1484016
0.338938641,275092215.9,275.0922159
0.320824843,269949461.8,269.9494618
0.142696438,274878771.3,274.8787713
0.30834845,270678294.4,270.6782944
0.407383721,276499572.3,276.4995723
0.377034094,276746769.9,276.7467699
0.229875513,274625509.7,274.6255097
0.484225727,273528348,273.528348
0.444195114,271352447.1,271.3524471
0.228423342,271177739.7,271.1777397
0.296644046,273564633.7,273.5646337
0.117363683,275626411.7,275.6264117
0.136713502,274259732.9,274.2597329
0.117087581,275688830.7,275.6888307
0.281729822,276974980.6,276.9749806
0.335599138,273526188.6,273.5261886
0.387602487,270820683.4,270.8206834
0.392170424,275425271.2,275.4252712
0.116639243,269509064.3,269.5090643
0.159373299,275840281.7,275.8402817
0.315456497,278039223,278.039223
0.228036796,273737151.7,273.7371517
0.304624255,273795862,273.795862
0.189368313,271463044.4,271.4630444
0.399787443,269483373.9,269.4833739
0.165827459,274509485.5,274.5094855
0.29879122,273101102.7,273.1011027
0.307106431,272531845.7,272.5318457
0.340586012,275480451.6,275.4804516
0.50690252,275833820.5,275.8338205
0.247337437,272907147.9,272.9071479
0.312537257,275355829.7,275.3558297
0.361561796,275675785.9,275.6757859
0.493973994,272034750.9,272.0347509
0.076126757,281341976.1,281.3419761
0.357697508,272557045.9,272.5570459
0.363653261,279734752.9,279.7347529
0.502956506,270289726.4,270.2897264
0.257086871,278810649.9,278.8106499
0.286931667,270985412.9,270.9854129
0.310820039,271940947.6,271.9409476
0.301259855,277603465.3,277.6034653
0.29150096,277120153.8,277.1201538
0.421816121,277080504.6,277.0805046
0.167469732,276648803.6,276.6488036
0.194054574,272746388.2,272.7463882
0.303663383,274627990.1,274.6279901
0.247211769,275604462.3,275.6044623
0.204975953,277323487.5,277.3234875
0.255785051,272751992.5,272.7519925
0.12612467,273411675.4,273.4116754
0.160319645,272826935.1,272.8269351
0.192043029,275316990.7,275.3169907
0.307225307,272847620.2,272.8476202
0.244802477,276799802,276.799802
0.393096358,275477123.3,275.4771233
0.300311341,275260032,275.260032
0.254708371,272240274.7,272.2402747
0.298265671,267006736.9,267.0067369
0.293882547,275109942.3,275.1099423
0.021080373,273728221.8,273.7282218
0.199321666,272873990.3,272.8739903
0.17973607,273464681.6,273.4646816
0.287260194,278358472.9,278.3584729
0.273748014,277342778.8,277.3427788
0.374558,278632750,278.63275
0.359638644,273835026,273.835026
0.394353668,277535438.3,277.5354383
0.272848495,271644571.1,271.6445711
0.445339585,272025930.6,272.0259306
0.227121851,269277669.2,269.2776692
0.259435645,272436523.8,272.4365238
0.311905602,272298863.6,272.2988636
0.311928237,276444924.5,276.4449245
0.101022769,278907376.2,278.9073762
0.197299751,272602620.2,272.6026202
0.027444563,275980704.4,275.9807044
0.226839211,270501375,270.501375
0.172689663,273891791.3,273.8917913
0.426702485,278725985.8,278.7259858
0.370935642,271409133.4,271.4091334
0.365321693,279412205.5,279.4122055
0.239370157,271773141,271.773141
0.36608687,276093099.5,276.0930995
0.410731436,269612843.4,269.6128434
0.256763132,274616504.8,274.6165048
0.42668843,273088307.6,273.0883076
0.249467749,272156424.4,272.1564244
0.272114266,279097287.4,279.0972874
0.271955692,276387598.8,276.3875988
0.475924431,270540263.9,270.5402639
0.249819602,275411737.1,275.4117371
0.347205263,272701854.5,272.7018545
0.372553501,273277578.3,273.2775783
0.207036404,277412383.5,277.4123835
0.257877146,279176467.4,279.1764674
0.266437031,268229094.3,268.2290943
0.211118207,274272867.6,274.2728676
0.258340558,272603711.7,272.6037117
0.34891597,275092954.2,275.0929542
0.364173787,272782691.5,272.7826915
0.353600644,270383264.8,270.3832648
0.216561461,275840358.1,275.8403581
0.1186561,274678124.3,274.6781243
0.330522362,279279701.7,279.2797017
0.383659803,274741982.1,274.7419821
0.297622909,272676764.4,272.6767644
0.194569983,278133920.6,278.1339206
0.364335906,270829753,270.829753
0.131964807,271957308.2,271.9573082
0.316610367,270299321.2,270.2993212
0.302651994,272508778.8,272.5087788
0.369118026,274133593.4,274.1335934
0.375897926,276805266.7,276.8052667
0.267827438,274918062.4,274.9180624
0.197192848,274090203.9,274.0902039
0.350385047,274374652.2,274.3746522
0.130349619,274003527,274.003527
0.343029219,271399195.8,271.3991958
0.286150353,275772890.8,275.7728908
0.001281643,275717182.8,275.7171828
0.256016615,277860031.3,277.8600313
0.398452239,274743014.5,274.7430145
0.424595355,273959786.4,273.9597864
0.350789364,270423644.5,270.4236445
0.303909138,272120501.5,272.1205015
0.296172763,269141107.2,269.1411072
0.234813616,278576544.8,278.5765448
0.352554937,272508127.1,272.5081271
0.271254985,273295011.5,273.2950115
0.081712462,277652323.3,277.6523233
0.328954389,272103676.7,272.1036767
0.320075019,273184797.7,273.1847977
0.410292941,271574128.9,271.5741289
0.08509886,273126014.2,273.1260142
0.485364807,271471433.9,271.4714339
0.081042892,269764738.8,269.7647388
0.223219042,277133250.1,277.1332501
0.383777862,277962483,277.962483
0.178560168,278065545.2,278.0655452
0.25983116,278738724.3,278.7387243
0.247361075,275966980,275.96698
0.185468825,272850038.6,272.8500386
0.41842545,279925568.8,279.9255688
0.23643545,267859351.5,267.8593515
0.20744952,272978079.2,272.9780792
0.299593976,276393305.3,276.3933053
0.33104223,275888812.7,275.8888127
0.24448912,276636531.1,276.6365311
0.270376106,278492435.5,278.4924355
0.338027057,275759632.9,275.7596329
0.321834045,276980172.5,276.9801725
0.333530018,276952107.9,276.9521079
0.401843474,274173342.6,274.1733426
0.394626322,276143951.8,276.1439518
0.426433181,274364801.5,274.3648015
0.274174358,274605199.2,274.6051992
0.292362127,273308265.2,273.3082652
0.194751244,271276352.6,271.2763526
0.356704294,276119671.4,276.1196714
0.211815134,275525246,275.525246
0.121195154,273717620.6,273.7176206
0.373908545,276779848.1,276.7798481
0.219407962,276710074.2,276.7100742
0.214026324,275684560.6,275.6845606
0.169448076,273078306.5,273.0783065
0.359073222,276347945,276.347945
0.335686748,272382456.2,272.3824562
0.386202859,275986307.3,275.9863073
0.262532968,277365311,277.365311
0.32023231,271865158.3,271.8651583
0.256364669,273130446.8,273.1304468
0.178362332,268802791.2,268.8027912
0.439400488,273229269.9,273.2292699
0.324074081,276231168.4,276.2311684
0.309376693,276183748,276.183748
0.2592007,278139900.4,278.1399004
0.362354788,270305801,270.305801
0.325316607,275912365.6,275.9123656
0.316805536,273587815.3,273.5878153
0.241332286,273258562.7,273.2585627
0.424446677,274669896.1,274.6698961
0.307360562,277209411.2,277.2094112
0.434989704,269251574.9,269.2515749
0.310584572,278709015.2,278.7090152
0.275791535,279553741.4,279.5537414
0.3065377,271582799.5,271.5827995
0.363172479,272221514.1,272.2215141
0.385100973,275548204,275.548204
0.199380336,273687356.3,273.6873563
0.336282069,275748261.3,275.7482613
0.330765127,272506426.3,272.5064263
0.180403201,278013270.1,278.0132701
0.266927053,270825690,270.82569
0.348907666,269633264.1,269.6332641
0.10533737,274023320.2,274.0233202
0.177579826,271495961.6,271.4959616
0.516827945,275759212.2,275.7592122
0.352424139,277693576.1,277.6935761
0.183794156,278724911.9,278.7249119
0.343321912,269687580,269.68758
0.170681681,273171580.9,273.1715809
0.169949399,275275878.4,275.2758784
0.328653656,276917473.5,276.9174735
0.389247999,275461501.7,275.4615017
0.260221643,271584648.5,271.5846485
0.297147778,271290507.6,271.2905076
0.349016268,270330590.3,270.3305903
0.173740015,271601180.8,271.6011808
0.387144837,272262960.7,272.2629607
0.37997601,274301910.4,274.3019104
0.224730399,269944844.3,269.9448443
0.341884432,270441210.5,270.4412105
0.231602879,276267273.9,276.2672739
0.353714835,272294130.8,272.2941308
0.24451667,277680643.4,277.6806434
0.288886101,272266529.5,272.2665295
0.25847104,272643469,272.643469
0.159441452,274688548.5,274.6885485
0.318896312,277894934.8,277.8949348
0.152913846,273877584.2,273.8775842
0.394143927,275523625.3,275.5236253
0.391672393,274093699.4,274.0936994
0.287154642,277638067,277.638067
0.35790715,274147803.6,274.1478036
0.286344699,269994656.4,269.9946564
0.316588326,273164089.5,273.1640895
0.342533122,276233277.5,276.2332775
0.22191784,278513099,278.513099
0.120858122,272975706.3,272.9757063
0.448001752,278916286.9,278.9162869
0.285580844,271350787.8,271.3507878
0.19702301,277126707.4,277.1267074
0.237720006,276554760.1,276.5547601
0.34917679,273503272.6,273.5032726
0.233899385,272593861.9,272.5938619
0.314075922,278012527.7,278.0125277
0.404740192,268808059.3,268.8080593
0.237122731,276323254.1,276.3232541
0.404714358,270636077.8,270.6360778
0.419459495,272816485.2,272.8164852
0.259647519,276635230.1,276.6352301
0.114925139,274812081.7,274.8120817
0.378701722,271979252,271.979252
0.432904853,277558244.6,277.5582446
0.284079218,273380514.9,273.3805149
0.305322996,273853695.7,273.8536957
0.262532994,276554612.8,276.5546128
0.215488244,274656185.6,274.6561856
0.007352801,273078614.3,273.0786143
0.161038801,274676385.6,274.6763856
0.369706135,275918188.1,275.9181881
0.147380825,274649347.4,274.6493474
0.510791038,276199928.9,276.1999289
0.171605406,277241706.4,277.2417064
0.317911416,276132679.1,276.1326791
0.229153713,277131510.9,277.1315109
0.200561567,274335444.9,274.3354449
0.287352692,271596888.8,271.5968888
0.522838298,270486341.7,270.4863417
0.423553262,275179130.7,275.1791307
0.41133297,274984135.1,274.9841351
0.389054612,273445663.9,273.4456639
0.268399011,278335753.5,278.3357535
0.237686269,271968674.1,271.9686741
0.304825481,271600020.3,271.6000203
0.387547486,273149075.1,273.1490751
0.191651434,274603806.5,274.6038065
0.455028017,269989226.6,269.9892266
0.226495641,271914505.6,271.9145056
0.21276531,271385223.8,271.3852238
0.237579385,273661045.4,273.6610454
0.25473229,271229047,271.229047
0.363217823,274662036.9,274.6620369
0.183476922,274885479,274.885479
0.368924816,275155773.4,275.1557734
0.46617418,273440371.1,273.4403711
0.158043844,277982236.7,277.9822367
0.253931277,275003857.8,275.0038578
0.382208438,277109024.6,277.1090246
0.374691508,267838395.3,267.8383953
0.222922819,278747231,278.747231
0.400897644,274495903.7,274.4959037
0.253087753,273391916.6,273.3919166
0.333409903,269834466.5,269.8344665
0.253543347,270696315,270.696315
0.139505627,273888736.9,273.8887369
0.36488004,275741418.2,275.7414182
0.287174088,271374037.1,271.3740371
0.218907074,276761230.2,276.7612302
0.433492878,273248770.4,273.2487704
0.269725433,273839341.5,273.8393415
0.271604347,273270884.6,273.2708846
0.214006791,275218299,275.218299
0.364799191,266914088.7,266.9140887
0.33073268,278323067,278.323067
0.10528637,270318719.6,270.3187196
0.29346523,274879407.7,274.8794077
0.19617662,279307251.1,279.3072511
0.194111049,275383685.7,275.3836857
0.244059641,274184518.1,274.1845181
0.428301825,264170531.6,264.1705316
0.295344509,270618845.9,270.6188459
0.375407959,275409406.2,275.4094062
0.138769671,274393948.2,274.3939482
0.397203722,275258963.4,275.2589634
0.312527343,274831823.2,274.8318232
0.27511119,274555178.2,274.5551782
0.330853855,272911937.8,272.9119378
0.272641907,273213376.2,273.2133762
0.199247804,279121604,279.121604
0.427858089,275311846.2,275.3118462
0.370073719,277882635,277.882635
0.221661828,274568662.2,274.5686622
0.300407546,271414923.1,271.4149231
0.30388175,269303538,269.303538
0.296417278,276066624.4,276.0666244
0.308773996,279489876.7,279.4898767
0.195278952,270946418.1,270.9464181
0.339037891,271780364.1,271.7803641
0.284496764,275576292.7,275.5762927
0.26383873,277539060.1,277.5390601
0.308955215,268780735.6,268.7807356
0.24358148,274401652.1,274.4016521
0.295618875,274293189,274.293189
0.260706626,275707863.1,275.7078631
0.26460414,270292523.5,270.2925235
0.40107507,274394685.8,274.3946858
0.427322758,273068497.6,273.0684976
0.201586715,276611934.8,276.6119348
0.222174894,271576390.7,271.5763907
0.162237928,276835521.1,276.8355211
0.405661303,276393526.6,276.3935266
0.383450958,276917537.9,276.9175379
0.373452026,274409481.2,274.4094812
0.160612122,279827664.5,279.8276645
0.268048162,274155707.7,274.1557077
0.513472757,276843405.7,276.8434057
0.261094371,273730906.7,273.7309067
0.220310219,270857893.7,270.8578937
0.234899065,275087226,275.087226
0.111919134,276242212.3,276.2422123
0.248700625,277903430.7,277.9034307
0.092564042,276104488.3,276.1044883
0.223228719,270933093.5,270.9330935
0.164474977,275154172.8,275.1541728
0.39771788,278085580.9,278.0855809
0.263401506,272696375.3,272.6963753
0.242088964,272729998.8,272.7299988
0.630333009,273755940.6,273.7559406
0.307962988,272455672.1,272.4556721
0.349003776,277784749.3,277.7847493
0.408740174,277081308.7,277.0813087
0.249262159,273955072.2,273.9550722
0.433599843,275693101.2,275.6931012
0.380604163,273829743.8,273.8297438
0.292026412,268988588.2,268.9885882
0.329931305,272626222.1,272.6262221
0.31524246,283013079.3,283.0130793
0.269149684,273846891.6,273.8468916
0.263939835,271299471,271.299471
0.310886579,279049102,279.049102
0.314437757,275334204.3,275.3342043
0.32831048,270828136.2,270.8281362
0.257092932,277659626,277.659626
0.289144674,272155010.4,272.1550104
0.065412481,274845179.5,274.8451795
0.350217522,270381051.4,270.3810514
0.344574057,277592841.5,277.5928415
0.170659287,268533122.3,268.5331223
0.395399633,276332789.3,276.3327893
0.296366662,276239122,276.239122
0.306377319,270667385.3,270.6673853
0.333674338,270547277.9,270.5472779
0.324894264,275327982.6,275.3279826
0.180100719,273509925.4,273.5099254
0.325379832,274196485.9,274.1964859
0.221772417,270899465.6,270.8994656
0.170785964,275187834,275.187834
0.199644183,272834912.5,272.8349125
0.382694255,273291834.1,273.2918341
0.210566401,275266382.3,275.2663823
0.306867212,277212588.5,277.2125885
0.340346165,276766898.3,276.7668983
0.193472111,276641292.4,276.6412924
0.252615611,275141633.1,275.1416331
0.632599339,271275862.1,271.2758621
0.247986902,274194475.8,274.1944758
0.393872251,274644943.4,274.6449434
0.304192242,278447574.2,278.4475742
0.213375598,279745585.9,279.7455859
0.370689016,277032104.8,277.0321048
0.222837158,270499507,270.499507
0.418245568,275572522.7,275.5725227
0.327546632,275016980.7,275.0169807
0.163250571,273444172.8,273.4441728
0.334888046,278151456.9,278.1514569
0.39936297,276898165.4,276.8981654
0.196849598,273073766.2,273.0737662
0.321954302,271632694.7,271.6326947
0.171945027,281029540.9,281.0295409
0.306975895,277327905.7,277.3279057
0.414801358,277616172.3,277.6161723
0.367069328,277132252.7,277.1322527
0.435091589,271884894,271.884894
0.228384855,276827773.7,276.8277737
0.276569902,274445600.2,274.4456002
0.289050199,273365242.4,273.3652424
0.264092652,273942853.6,273.9428536
0.413875439,272628689.5,272.6286895
0.392171458,275842263.7,275.8422637
0.339409641,271823646.9,271.8236469
0.499329246,273097540.2,273.0975402
0.279946836,275803584.4,275.8035844
0.229868884,275211495,275.211495
0.375342479,272450293.4,272.4502934
0.416135673,269232138.6,269.2321386
0.293370233,272807749.6,272.8077496
0.216524635,274411688.7,274.4116887
0.076004745,274460086.2,274.4600862
0.186485436,275911635.9,275.9116359
0.43847051,273235527.7,273.2355277
0.333330054,268805350.4,268.8053504
0.14115424,271246905.1,271.2469051
0.344093626,269906286.4,269.9062864
0.263896138,275252469.7,275.2524697
0.365164532,279496483,279.496483
0.121193528,275083071,275.083071
0.400785113,275177804.2,275.1778042
0.224998112,272775482.5,272.7754825
-0.015168814,274101297.8,274.1012978
0.289697224,274364240.2,274.3642402
0.409073067,277542367.4,277.5423674
0.255719695,270863469.2,270.8634692
0.104067223,277244400,277.2444
0.241608935,273315928.5,273.3159285
0.375652003,274053145.5,274.0531455
0.228624784,271077536.7,271.0775367
0.12746907,270790667.8,270.7906678
0.237444803,271950712,271.950712
0.301818979,278561609.5,278.5616095
0.310095659,275669857.8,275.6698578
0.194112452,270984272.6,270.9842726
0.479808985,273601429.9,273.6014299
0.37659863,273613935.8,273.6139358
0.369795912,272178614,272.178614
0.40334718,274856346.5,274.8563465
0.347363203,275465756.8,275.4657568
0.523409073,274984456.6,274.9844566
0.171947299,270903006.7,270.9030067
0.357131937,271588524.3,271.5885243
0.362711226,272886504.2,272.8865042
0.304462356,275120173.5,275.1201735
0.174630549,272827152.3,272.8271523
0.481443701,269649629.2,269.6496292
0.383040898,273474322,273.474322
0.186129907,277962280,277.96228
0.25860001,273124825.4,273.1248254
0.599563813,278738246.7,278.7382467
0.183763038,276750539.7,276.7505397
0.267392516,272737978.7,272.7379787
0.27037006,268575974.2,268.5759742
0.181412696,271996294.8,271.9962948
0.225553337,276284955.9,276.2849559
0.346090688,274247320.7,274.2473207
0.389221787,272462031,272.462031
0.238177356,273605874.5,273.6058745
0.364427417,273946347.8,273.9463478
0.270606158,271636639.4,271.6366394
0.201688615,277114465.4,277.1144654
0.248315999,276542862.9,276.5428629
0.594307645,269337099.5,269.3370995
0.267177418,274224780.5,274.2247805
0.208908662,273774932.1,273.7749321
0.311343296,273531328,273.531328
0.154180976,271590321.2,271.5903212
0.22565674,273890078.2,273.8900782
0.409644827,273715644.5,273.7156445
0.356839245,278448920,278.44892
0.322386785,271713744.8,271.7137448
0.375021958,273222445.9,273.2224459
0.191270428,268705885.1,268.7058851
0.214546613,272216677.8,272.2166778
0.141123593,271595124.1,271.5951241
0.31935115,272089723.2,272.0897232
0.273295944,272274538,272.274538
0.191550794,272169809.8,272.1698098
0.443834619,275671615.9,275.6716159
0.407604724,273505025,273.505025
0.345531088,271750564.8,271.7505648
0.312815933,273997334.3,273.9973343
0.407490505,274152447.5,274.1524475
0.479000521,272761189.3,272.7611893
0.437817653,274836976.3,274.8369763
0.189183578,273798919,273.798919
0.104354088,272410733.1,272.4107331
0.264036275,275955872.4,275.9558724
0.287469077,273119446.6,273.1194466
0.177803033,275193687.4,275.1936874
0.08189951,275663206.5,275.6632065
0.351657306,273431904.1,273.4319041
0.430375801,277100156.7,277.1001567
0.382614846,272663120.2,272.6631202
0.228627762,270313292.3,270.3132923
0.298472448,278237372.6,278.2373726
0.265685775,270829229.4,270.8292294
0.335066988,276722767.6,276.7227676
0.272966772,275487636.7,275.4876367
0.410642335,271336013.7,271.3360137
0.017189834,271087554.6,271.0875546
0.329373434,276118218.6,276.1182186
0.302177728,275686156.6,275.6861566
0.268546606,270780164.2,270.7801642
0.272044457,272457653.9,272.4576539
0.246837882,275584523.8,275.5845238
0.358634599,276308184.5,276.3081845
0.336132094,268730093.1,268.7300931
0.223974177,276230285.5,276.2302855
0.336631359,273828607.8,273.8286078
0.282302067,267271120.3,267.2711203
0.260094314,275506533,275.506533
0.192269254,270884155.5,270.8841555
0.44233478,274072192.6,274.0721926
0.354366865,272145721,272.145721
0.354323454,275604117.4,275.6041174
0.189965626,274560304.7,274.5603047
0.426194163,276817875.6,276.8178756
0.187002871,274934753.1,274.9347531
0.36564435,271362423.8,271.3624238
0.318038825,268286478.4,268.2864784
0.238738699,276043691,276.043691
0.250984795,272101378.7,272.1013787
0.350139161,274732357.3,274.7323573
0.440999439,274439115.5,274.4391155
0.11238947,268620940.1,268.6209401
0.378793379,271114370.8,271.1143708
0.211841183,281780383,281.780383
0.268654138,274313401.2,274.3134012
0.274822519,279731219.1,279.7312191
0.372426875,275633177.6,275.6331776
0.15430558,272991366.4,272.9913664
0.285339459,275841452.4,275.8414524
0.565503275,272077883.5,272.0778835
0.262475338,273385788.5,273.3857885
0.462611841,274840500,274.8405
0.228712284,276463431.6,276.4634316
0.540772504,279214463,279.214463
0.226148204,275269511,275.269511
0.272385574,271424362.9,271.4243629
0.423074783,275218861.3,275.2188613
0.28809746,279058102.5,279.0581025
0.252660358,272809928.9,272.8099289
0.146762309,271954306,271.954306
0.087258599,276821774.6,276.8217746
0.40738833,274487462.9,274.4874629
0.140940331,277009266.1,277.0092661
0.403950579,269738439.8,269.7384398
0.119173215,274508585.1,274.5085851
0.2379528,273339618.7,273.3396187
0.378772511,279934809,279.934809
0.432250294,273496316.2,273.4963162
0.23799067,272129899,272.129899
0.275674028,270617084.1,270.6170841
0.293059029,271283609,271.283609
-0.020759147,279214653.1,279.2146531
0.258735851,271838909.2,271.8389092
0.25619258,273271705.1,273.2717051
0.443684862,275577699.6,275.5776996
0.454640602,275551163.6,275.5511636
0.24283659,272716277.1,272.7162771
0.330595219,271975342.6,271.9753426
0.283165239,272485560.7,272.4855607
0.343551418,272595734.1,272.5957341
0.305922193,275922904.4,275.9229044
0.133150517,271238822.6,271.2388226
0.124086478,270762168.2,270.7621682
0.237197444,275134491.3,275.1344913
0.229421587,278498280.2,278.4982802
0.338671601,275365174.9,275.3651749
0.212034629,275005970,275.00597
0.269766512,273656232,273.656232
0.345078168,278075310.7,278.0753107
0.286683012,275778996.5,275.7789965
0.438652371,275332960.5,275.3329605
0.297856353,273708813.6,273.7088136
0.206437663,269651321.8,269.6513218
0.2281703,273651579.8,273.6515798
0.44065878,278267750.3,278.2677503
0.19783867,272498796.5,272.4987965
0.230203989,271664568.2,271.6645682
0.553656232,269450071.3,269.4500713
0.286196721,274832196.4,274.8321964
0.269966026,278799134.9,278.7991349
0.274362445,274416940.6,274.4169406
0.497667967,277800324.6,277.8003246
0.171993154,272829188.5,272.8291885
0.302284002,278724805.5,278.7248055
0.274905169,272427715.9,272.4277159
0.241323256,269698952.2,269.6989522
0.233334681,277261705.7,277.2617057
0.305431863,277104419,277.104419
0.218865045,276126092.3,276.1260923
0.18712245,273448396.3,273.4483963
0.232048577,273969752.6,273.9697526
0.461102538,274839008.4,274.8390084
0.429874851,273584392.7,273.5843927
0.373931112,277151065.8,277.1510658
0.28468297,268900970.6,268.9009706
0.179801407,273272491.4,273.2724914
0.489971786,274801815.1,274.8018151
0.213925624,274897933.1,274.8979331
0.378784765,274670993.5,274.6709935
0.189288496,278116837.2,278.1168372
0.349022797,273185202.2,273.1852022
0.039868225,276293015.4,276.2930154
0.322497955,271869572.3,271.8695723
0.400899717,272118533.7,272.1185337
0.365114102,270723114.1,270.7231141
0.061113541,273354696.7,273.3546967
0.469406802,270061991.1,270.0619911
0.115123371,276680197.5,276.6801975
0.227262666,266596159.7,266.5961597
0.332467208,275352493.4,275.3524934
0.17586851,274087080.7,274.0870807
0.294279281,276882001.3,276.8820013
0.20137241,274693126,274.693126
0.242084353,273438908.1,273.4389081
0.332161615,270214008.7,270.2140087
0.37019258,277368262.3,277.3682623
0.251928794,270525670.3,270.5256703
0.309007945,274060550.4,274.0605504
0.308752529,273256071.8,273.2560718
0.323226549,271710098.8,271.7100988
0.29933169,273974159.7,273.9741597
0.373382456,275464163.1,275.4641631
0.298506719,275229770.2,275.2297702
0.232315507,269690557.3,269.6905573
0.243694299,278748361.2,278.7483612
0.45756478,266653838.6,266.6538386
0.327460864,275393058.8,275.3930588
0.431535362,274605796.9,274.6057969
0.287107606,278740391.4,278.7403914
0.321588345,274537058.4,274.5370584
0.201662136,269975979.6,269.9759796
0.379249807,280371461.7,280.3714617
0.209474463,284029215.7,284.0292157
0.217341099,269910162.3,269.9101623
0.196145643,272703656.4,272.7036564
0.212680508,275097211,275.097211
0.180714175,274054374.2,274.0543742
0.201005705,274702300.2,274.7023002
0.232553151,275248318.2,275.2483182
0.161931503,272877104.1,272.8771041
0.291195095,277923413.3,277.9234133
0.304770604,276018123,276.018123
0.339894833,272686562.8,272.6865628
0.19724017,272112606.6,272.1126066
0.430416417,276041194.9,276.0411949
0.311434211,277878602.6,277.8786026
0.132354637,276684077.4,276.6840774
0.274172144,270418056.4,270.4180564
0.032377248,273965832.7,273.9658327
0.132789343,279760455.7,279.7604557
0.326207315,271426867.4,271.4268674
0.345369556,272894197.6,272.8941976
0.236786733,276193161.1,276.1931611
0.335492611,274130860.2,274.1308602
0.303520366,277569382,277.569382
0.222075336,272691919,272.691919
0.200812233,279925942.3,279.9259423
0.163916176,276282699,276.282699
0.180833987,274404829.4,274.4048294
0.238192587,273981043.1,273.9810431
0.295793209,270662481.3,270.6624813
0.268917056,277250600.7,277.2506007
0.308955216,278894527.3,278.8945273
0.286789173,275096921.4,275.0969214
0.199510434,276738035,276.738035
0.299537595,273543873.8,273.5438738
0.461280226,279641199.2,279.6411992
0.258727395,272188306.8,272.1883068
0.091087477,271953335.4,271.9533354
0.384621922,275698906.6,275.6989066
0.422431683,276474896.6,276.4748966
0.138077013,278514460.3,278.5144603
0.200990192,273870399.9,273.8703999
0.229998181,273838634.3,273.8386343
0.29996634,276046802.1,276.0468021
0.225393033,274953787.2,274.9537872
0.343127729,273749185.7,273.7491857
0.266026437,273898887.9,273.8988879
0.279744604,279618895.6,279.6188956
0.291255989,273240789.7,273.2407897
0.317576081,276213848.6,276.2138486
0.250278791,269876897.5,269.8768975
0.207603716,276410606.7,276.4106067
0.282998129,268467127.7,268.4671277
0.484714429,276337195.2,276.3371952
0.172502489,273493587.1,273.4935871
0.305427639,275853406.2,275.8534062
0.169846493,275313821.4,275.3138214
0.322534024,270641632.3,270.6416323
0.177056829,272932921.4,272.9329214
0.16426884,280395971.5,280.3959715
0.305371164,267151650.4,267.1516504
0.154549252,272785099.5,272.7850995
0.231970449,272878713.8,272.8787138
0.246982466,271610796.5,271.6107965
0.241128395,273359194.6,273.3591946
0.269621332,269079907.6,269.0799076
0.02974124,271622261.8,271.6222618
0.426600194,278074931.6,278.0749316
0.194515532,268348028.9,268.3480289
0.251092328,271952828.5,271.9528285
0.314406264,277991394.8,277.9913948
0.257846349,273602066,273.602066
0.167974535,271583032.7,271.5830327
0.313548464,274421385,274.421385
0.164110368,274067770.9,274.0677709
0.361946423,277129228.4,277.1292284
0.323272322,270286683,270.286683
0.293789532,275762782,275.762782
0.251841378,272876015.3,272.8760153
0.084296317,275128463.3,275.1284633
0.192875623,274032185.4,274.0321854
0.349922143,275129259.7,275.1292597
0.149112681,280408920.6,280.4089206
0.380528174,272483493,272.483493
0.342812016,270608604.3,270.6086043
0.333039293,269733779.3,269.7337793
0.193347206,272414809.6,272.4148096
0.286514948,275831634.4,275.8316344
0.323117712,273734646,273.734646
0.355121109,267664917.6,267.6649176
0.315237025,274049912.9,274.0499129
0.206637014,276897586.9,276.8975869
0.331233002,273503724.7,273.5037247
0.232235515,273788261.1,273.7882611
0.218062567,272364611.1,272.3646111
0.429729408,280846165.8,280.8461658
0.160113479,270713748.8,270.7137488
0.343741976,279244952.1,279.2449521
0.342485674,271862550,271.86255
0.287662483,271234526.5,271.2345265
0.252054563,275092717.2,275.0927172
0.302677303,275399291.1,275.3992911
0.217434019,270956511.2,270.9565112
0.341988743,270776250.4,270.7762504
0.426772617,275240399.1,275.2403991
0.254193485,273923541.1,273.9235411
0.206554171,268621350.2,268.6213502
0.494719571,274013297,274.013297
0.156976039,278188063.4,278.1880634
0.154097132,277059204.6,277.0592046
0.270512011,270710951.8,270.7109518
0.385977775,273256220.9,273.2562209
0.215552553,274048123.4,274.0481234
0.224937788,273017433.3,273.0174333
0.285829469,276483968.6,276.4839686
0.429427987,273950684.4,273.9506844
0.18987196,275721052.5,275.7210525
0.28099535,279031431.9,279.0314319
0.402056268,274758884.4,274.7588844
0.402522154,273391816.1,273.3918161
0.327768188,276515500.2,276.5155002
0.160318144,274987497.9,274.9874979
0.139409646,274271155.9,274.2711559
0.201146206,271576074.3,271.5760743
0.287898252,272019934.3,272.0199343
0.379711938,277596364.4,277.5963644
0.236728215,277147703.9,277.1477039
0.304670488,275244333.8,275.2443338
0.281390753,276799294.1,276.7992941
0.335240675,276211001.2,276.2110012
0.274951519,276481226.5,276.4812265
0.372339341,274094519,274.094519
0.171377785,271773173.4,271.7731734
0.139455728,269525343.5,269.5253435
0.183854419,273489459.3,273.4894593
0.267154202,273758536.3,273.7585363
0.089371102,273983464.3,273.9834643
0.432943082,273813147.2,273.8131472
0.231426495,273060996.3,273.0609963
0.31171317,273575929.7,273.5759297
0.36934222,272460824.4,272.4608244
0.223725856,271133022.9,271.1330229
0.449013701,278739631.8,278.7396318
0.450277128,273108568.1,273.1085681
0.305007578,274500855.9,274.5008559
0.338876901,274446650.3,274.4466503
0.375309991,271398381.5,271.3983815
0.355016005,279038584.1,279.0385841
0.348150594,273710330.8,273.7103308
0.29578886,273965383.5,273.9653835
0.425373416,272910956.4,272.9109564
0.218891152,274621668.7,274.6216687
0.261659582,274778951.9,274.7789519
0.495393815,272597952.1,272.5979521
0.473068137,273566753.8,273.5667538
0.368287629,274313541,274.313541
0.199860917,273686635.7,273.6866357
0.326127379,277947745.6,277.9477456
0.368577115,277963418.7,277.9634187
0.271031072,273055123.8,273.0551238
0.263808595,271448234.9,271.4482349
0.059872485,275021468.3,275.0214683
0.484322402,273095766.4,273.0957664
0.270796122,275172351.2,275.1723512
0.307707619,269160644.5,269.1606445
0.110745737,273711237.8,273.7112378
0.193876958,278268546.2,278.2685462
0.158048378,269944961.3,269.9449613
0.373761725,275999817.2,275.9998172
0.212249129,274565660,274.56566
0.401041238,278873157.5,278.8731575
0.340902271,274393327.4,274.3933274
0.271180727,276691189.5,276.6911895
0.304610042,277234213.1,277.2342131
0.330750304,272787519.4,272.7875194
0.213224049,271381673.4,271.3816734
0.324533237,272090261.2,272.0902612
0.138498152,276226871.5,276.2268715
0.184172381,275079475.5,275.0794755
0.265816626,272542462.9,272.5424629
0.33628637,272100183.3,272.1001833
0.200613927,273374219.3,273.3742193
0.270408725,275742502.4,275.7425024
0.174180247,274720036.4,274.7200364
0.39748358,276043800.2,276.0438002
0.364432852,273237381.3,273.2373813
0.331275858,276325248.8,276.3252488
0.390400788,278119833,278.119833
0.219968439,275116060.2,275.1160602
0.096068093,272307129.2,272.3071292
0.582325973,277952122.8,277.9521228
0.285411564,275932468.4,275.9324684
0.313246168,274857383.6,274.8573836
0.306526837,274572100.6,274.5721006
0.374336628,272427926.4,272.4279264
0.180465788,271346684.6,271.3466846
0.363135398,275752174.1,275.7521741
0.393142233,276771873,276.771873
0.167458174,272018113.8,272.0181138
0.329891124,277059180.3,277.0591803
0.30111194,271324456.7,271.3244567
0.254790803,274654036.6,274.6540366
0.23972,275514521.9,275.5145219
0.246841862,276128520.1,276.1285201
0.342560642,272452354.9,272.4523549
0.294409947,272693499,272.693499
0.350021834,277772884.2,277.7728842
0.419424898,275215964,275.215964
0.218941689,276489375.4,276.4893754
0.333675253,270833465.3,270.8334653
0.310961526,275593481.1,275.5934811
0.348256366,276976512.9,276.9765129
0.316917173,275124495.7,275.1244957
0.456422709,272055820.2,272.0558202
0.285596441,277547327,277.547327
0.206897439,272435752.7,272.4357527
0.405282812,274040385.4,274.0403854
0.30965827,271419212.3,271.4192123
0.228512517,281433858.8,281.4338588
0.326563861,277863028.7,277.8630287
0.266554499,274207355.6,274.2073556
0.533815008,274251251.4,274.2512514
0.338699579,273336615.3,273.3366153
0.32254198,268807604.7,268.8076047
0.451665646,271912398.8,271.9123988
0.271781865,278618731.2,278.6187312
0.34550242,276600489.5,276.6004895
0.33908305,274506773.7,274.5067737
0.389760424,275115419.1,275.1154191
0.159852893,271091305.4,271.0913054
0.087906541,272349694.8,272.3496948
0.279250543,268484206.4,268.4842064
0.217505658,272408938.4,272.4089384
0.266592626,277291531.2,277.2915312
0.191160168,273521063.9,273.5210639
0.234705463,274431088.9,274.4310889
0.502284861,274562911.3,274.5629113
0.276030779,271610900.9,271.6109009
0.183562426,274696727.4,274.6967274
0.115956087,269753094,269.753094
0.370080453,274497918.9,274.4979189
0.286874733,274080132.8,274.0801328
0.313140769,278117147.3,278.1171473
0.308118861,273310960.4,273.3109604
0.397074472,279135355.6,279.1353556
0.289816156,274656441.7,274.6564417
0.174009613,274597554,274.597554
0.24227659,270277375.3,270.2773753
0.28595391,273298611.6,273.2986116
0.393363851,273963462.4,273.9634624
0.344016003,275989529.6,275.9895296
0.303408437,273477039.6,273.4770396
0.393163937,269324498.4,269.3244984
0.341999061,272198402.1,272.1984021
0.317456501,275999200.7,275.9992007
0.268857885,275512923.2,275.5129232
0.27874449,275084233.8,275.0842338
0.287812273,271165661.9,271.1656619
0.14823385,267331013.8,267.3310138
0.322326112,269353339.2,269.3533392
0.28956658,272945778.9,272.9457789
0.352367211,273667413.8,273.6674138
0.161125561,275030406.8,275.0304068
0.357069582,276185656.1,276.1856561
0.388538081,269432136.5,269.4321365
0.213735111,274723310.9,274.7233109
0.473890007,272005320.4,272.0053204
0.268607033,275368458.8,275.3684588
0.154322339,275368217.6,275.3682176
0.473655794,274667305,274.667305
0.297854212,275928391.7,275.9283917
0.541882602,274891915.9,274.8919159
0.228739193,273657945,273.657945
0.206219439,271669202.7,271.6692027
0.350242367,276127186.8,276.1271868
0.418275661,277452852.2,277.4528522
0.338778893,270799378.2,270.7993782
0.417987562,273462496.2,273.4624962
0.377273879,266051513.5,266.0515135
0.082575142,276036307.6,276.0363076
0.127941299,278306624.9,278.3066249
0.49140808,273238949,273.238949
0.339124963,280554210.5,280.5542105
0.327465802,277596593.6,277.5965936
0.207639007,272907860.8,272.9078608
0.326415926,272535214,272.535214
0.356170354,272722842.9,272.7228429
0.252512143,276091471,276.091471
0.286162461,274454229.7,274.4542297
0.385659313,273992379.5,273.9923795
0.243332895,277962673.5,277.9626735
0.486609848,273726071.4,273.7260714
0.289814359,276342466.1,276.3424661
0.252093024,270994621.6,270.9946216
0.415611792,275414580.4,275.4145804
0.016531193,270989984.1,270.9899841
0.086823357,270579023.6,270.5790236
0.214698812,276332464.4,276.3324644
0.268424093,274246782.4,274.2467824
0.121202647,273783000.7,273.7830007
0.484938005,273668975.8,273.6689758
0.195947033,279337433.8,279.3374338
0.338360029,270919692.3,270.9196923
0.171826186,275626602.5,275.6266025
0.278790942,276751105.7,276.7511057
0.422694611,269582958,269.582958
0.334467576,276982432.2,276.9824322
0.141417811,276644474,276.644474
0.426601849,275857511.7,275.8575117
0.32315176,272736763.8,272.7367638
0.290507623,278361784.1,278.3617841
0.238770161,276736716.8,276.7367168
0.369562055,279879165,279.879165
0.325348248,274612861.9,274.6128619
0.19753798,269065974.3,269.0659743
0.272896408,268895856.4,268.8958564
0.122670352,270910168.9,270.9101689
0.121368383,274706877.8,274.7068778
0.359123345,271881481.4,271.8814814
0.281788093,280222024.3,280.2220243
0.367772794,277495764.7,277.4957647
0.477197858,270587426.5,270.5874265
0.358360328,271657720.4,271.6577204
0.306733068,276248599.3,276.2485993
0.39358397,272405225.4,272.4052254
0.233585715,270431828.8,270.4318288
0.301046643,272868179.7,272.8681797
0.308630606,272209416.6,272.2094166
0.287784452,273260307.6,273.2603076
0.076165842,274592173.5,274.5921735
0.220555083,280457043,280.457043
0.206639711,275047867.4,275.0478674
0.18782846,272053037,272.053037
0.339932172,276047130.1,276.0471301
0.359962157,278795015.9,278.7950159
0.360606741,275472760.7,275.4727607
0.349552393,275106287.6,275.1062876
0.437901831,277893592.6,277.8935926
0.334159529,274307043.8,274.3070438
0.308806117,274016072.7,274.0160727
0.447264909,272036284.1,272.0362841
0.187944581,274666506.8,274.6665068
0.185649459,268540667.8,268.5406678
0.243184911,275801848.3,275.8018483
0.538162154,274070079.9,274.0700799
0.379772257,272419103,272.419103
0.344187525,274458418.4,274.4584184
0.383453851,268742528.3,268.7425283
0.034140466,277123735.9,277.1237359
0.197791214,277395166.5,277.3951665
0.276095023,276887498.7,276.8874987
0.290562373,274594256,274.594256
0.160918126,269313783.4,269.3137834
0.320910878,276779553,276.779553
0.255239754,272678233,272.678233
0.100936983,270898699,270.898699
0.331301198,274909430.3,274.9094303
0.372344355,272964049.3,272.9640493
0.373444811,275353718.7,275.3537187
0.213469491,272966542.7,272.9665427
0.297727351,277252941.4,277.2529414
0.279505507,273086134.5,273.0861345
0.454788651,274557419.2,274.5574192
0.380469071,273597955.9,273.5979559
0.459704479,275576639.6,275.5766396
0.307622832,274836437.7,274.8364377
0.295929397,276511635.8,276.5116358
0.465894994,273242005.9,273.2420059
0.359748412,272639396.2,272.6393962
0.303259283,274177227.3,274.1772273
0.31218984,275144505.9,275.1445059
0.387236347,278569737,278.569737
0.07218522,275901342.2,275.9013422
0.193337531,272438503.5,272.4385035
0.388951092,271795064,271.795064
0.333034396,276262118.6,276.2621186
0.131320817,272852335.5,272.8523355
0.334971955,270577922.2,270.5779222
0.259467211,273187466.7,273.1874667
0.230960373,272380006.4,272.3800064
0.296985989,275292894.8,275.2928948
